acasxu,/usr/src/app/vnncomp2023/benchmarks/acasxu/onnx/ACASXU_run2a_1_1_batch_2000.onnx,/usr/src/app/vnncomp2023/benchmarks/acasxu/vnnlib/prop_1.vnnlib,5.619727485,unsat,30.192317694
acasxu,/usr/src/app/vnncomp2023/benchmarks/acasxu/onnx/ACASXU_run2a_1_2_batch_2000.onnx,/usr/src/app/vnncomp2023/benchmarks/acasxu/vnnlib/prop_1.vnnlib,6.867823664,unsat,18.087001089
acasxu,/usr/src/app/vnncomp2023/benchmarks/acasxu/onnx/ACASXU_run2a_1_3_batch_2000.onnx,/usr/src/app/vnncomp2023/benchmarks/acasxu/vnnlib/prop_1.vnnlib,5.790861385,unsat,19.117445291
acasxu,/usr/src/app/vnncomp2023/benchmarks/acasxu/onnx/ACASXU_run2a_1_4_batch_2000.onnx,/usr/src/app/vnncomp2023/benchmarks/acasxu/vnnlib/prop_1.vnnlib,5.648815834,unsat,19.115695412
acasxu,/usr/src/app/vnncomp2023/benchmarks/acasxu/onnx/ACASXU_run2a_1_5_batch_2000.onnx,/usr/src/app/vnncomp2023/benchmarks/acasxu/vnnlib/prop_1.vnnlib,5.787899312,unsat,18.083133425
acasxu,/usr/src/app/vnncomp2023/benchmarks/acasxu/onnx/ACASXU_run2a_1_6_batch_2000.onnx,/usr/src/app/vnncomp2023/benchmarks/acasxu/vnnlib/prop_1.vnnlib,5.695742296,unsat,18.088504175
acasxu,/usr/src/app/vnncomp2023/benchmarks/acasxu/onnx/ACASXU_run2a_1_7_batch_2000.onnx,/usr/src/app/vnncomp2023/benchmarks/acasxu/vnnlib/prop_1.vnnlib,5.715877101,unsat,19.089976860
acasxu,/usr/src/app/vnncomp2023/benchmarks/acasxu/onnx/ACASXU_run2a_1_8_batch_2000.onnx,/usr/src/app/vnncomp2023/benchmarks/acasxu/vnnlib/prop_1.vnnlib,5.698688016,unsat,19.095508767
acasxu,/usr/src/app/vnncomp2023/benchmarks/acasxu/onnx/ACASXU_run2a_1_9_batch_2000.onnx,/usr/src/app/vnncomp2023/benchmarks/acasxu/vnnlib/prop_1.vnnlib,5.796144941,unsat,18.089033754
acasxu,/usr/src/app/vnncomp2023/benchmarks/acasxu/onnx/ACASXU_run2a_2_1_batch_2000.onnx,/usr/src/app/vnncomp2023/benchmarks/acasxu/vnnlib/prop_1.vnnlib,5.691126635,unsat,18.088324317
acasxu,/usr/src/app/vnncomp2023/benchmarks/acasxu/onnx/ACASXU_run2a_2_2_batch_2000.onnx,/usr/src/app/vnncomp2023/benchmarks/acasxu/vnnlib/prop_1.vnnlib,5.666792668,unsat,19.099950382
acasxu,/usr/src/app/vnncomp2023/benchmarks/acasxu/onnx/ACASXU_run2a_2_3_batch_2000.onnx,/usr/src/app/vnncomp2023/benchmarks/acasxu/vnnlib/prop_1.vnnlib,5.730010143,unsat,19.092522913
acasxu,/usr/src/app/vnncomp2023/benchmarks/acasxu/onnx/ACASXU_run2a_2_4_batch_2000.onnx,/usr/src/app/vnncomp2023/benchmarks/acasxu/vnnlib/prop_1.vnnlib,5.762836999,unsat,18.086045941
acasxu,/usr/src/app/vnncomp2023/benchmarks/acasxu/onnx/ACASXU_run2a_2_5_batch_2000.onnx,/usr/src/app/vnncomp2023/benchmarks/acasxu/vnnlib/prop_1.vnnlib,5.711954471,unsat,21.113803746
acasxu,/usr/src/app/vnncomp2023/benchmarks/acasxu/onnx/ACASXU_run2a_2_6_batch_2000.onnx,/usr/src/app/vnncomp2023/benchmarks/acasxu/vnnlib/prop_1.vnnlib,5.697157365,unsat,21.113392397
acasxu,/usr/src/app/vnncomp2023/benchmarks/acasxu/onnx/ACASXU_run2a_2_7_batch_2000.onnx,/usr/src/app/vnncomp2023/benchmarks/acasxu/vnnlib/prop_1.vnnlib,5.719748154,unsat,70.662345593
acasxu,/usr/src/app/vnncomp2023/benchmarks/acasxu/onnx/ACASXU_run2a_2_8_batch_2000.onnx,/usr/src/app/vnncomp2023/benchmarks/acasxu/vnnlib/prop_1.vnnlib,5.713213450,unsat,45.366978240
acasxu,/usr/src/app/vnncomp2023/benchmarks/acasxu/onnx/ACASXU_run2a_2_9_batch_2000.onnx,/usr/src/app/vnncomp2023/benchmarks/acasxu/vnnlib/prop_1.vnnlib,5.816418955,run_instance_timeout,176.002325632
acasxu,/usr/src/app/vnncomp2023/benchmarks/acasxu/onnx/ACASXU_run2a_3_1_batch_2000.onnx,/usr/src/app/vnncomp2023/benchmarks/acasxu/vnnlib/prop_1.vnnlib,5.458751729,unsat,18.084687266
acasxu,/usr/src/app/vnncomp2023/benchmarks/acasxu/onnx/ACASXU_run2a_3_2_batch_2000.onnx,/usr/src/app/vnncomp2023/benchmarks/acasxu/vnnlib/prop_1.vnnlib,5.682679818,unsat,20.105528907
acasxu,/usr/src/app/vnncomp2023/benchmarks/acasxu/onnx/ACASXU_run2a_3_3_batch_2000.onnx,/usr/src/app/vnncomp2023/benchmarks/acasxu/vnnlib/prop_1.vnnlib,5.677543613,unsat,19.096186321
acasxu,/usr/src/app/vnncomp2023/benchmarks/acasxu/onnx/ACASXU_run2a_3_4_batch_2000.onnx,/usr/src/app/vnncomp2023/benchmarks/acasxu/vnnlib/prop_1.vnnlib,5.838027140,unsat,19.112782519
acasxu,/usr/src/app/vnncomp2023/benchmarks/acasxu/onnx/ACASXU_run2a_3_5_batch_2000.onnx,/usr/src/app/vnncomp2023/benchmarks/acasxu/vnnlib/prop_1.vnnlib,5.760608367,unsat,20.102634078
acasxu,/usr/src/app/vnncomp2023/benchmarks/acasxu/onnx/ACASXU_run2a_3_6_batch_2000.onnx,/usr/src/app/vnncomp2023/benchmarks/acasxu/vnnlib/prop_1.vnnlib,5.844557324,run_instance_timeout,176.002505407
acasxu,/usr/src/app/vnncomp2023/benchmarks/acasxu/onnx/ACASXU_run2a_3_7_batch_2000.onnx,/usr/src/app/vnncomp2023/benchmarks/acasxu/vnnlib/prop_1.vnnlib,5.510608506,run_instance_timeout,176.001568568
acasxu,/usr/src/app/vnncomp2023/benchmarks/acasxu/onnx/ACASXU_run2a_3_8_batch_2000.onnx,/usr/src/app/vnncomp2023/benchmarks/acasxu/vnnlib/prop_1.vnnlib,5.635857006,unsat,38.346238241
acasxu,/usr/src/app/vnncomp2023/benchmarks/acasxu/onnx/ACASXU_run2a_3_9_batch_2000.onnx,/usr/src/app/vnncomp2023/benchmarks/acasxu/vnnlib/prop_1.vnnlib,5.764057891,unsat,115.995751146
acasxu,/usr/src/app/vnncomp2023/benchmarks/acasxu/onnx/ACASXU_run2a_4_1_batch_2000.onnx,/usr/src/app/vnncomp2023/benchmarks/acasxu/vnnlib/prop_1.vnnlib,6.199846841,unsat,20.099391202
acasxu,/usr/src/app/vnncomp2023/benchmarks/acasxu/onnx/ACASXU_run2a_4_2_batch_2000.onnx,/usr/src/app/vnncomp2023/benchmarks/acasxu/vnnlib/prop_1.vnnlib,5.812624913,unsat,19.153307134
acasxu,/usr/src/app/vnncomp2023/benchmarks/acasxu/onnx/ACASXU_run2a_4_3_batch_2000.onnx,/usr/src/app/vnncomp2023/benchmarks/acasxu/vnnlib/prop_1.vnnlib,5.769609603,unsat,19.092735673
acasxu,/usr/src/app/vnncomp2023/benchmarks/acasxu/onnx/ACASXU_run2a_4_4_batch_2000.onnx,/usr/src/app/vnncomp2023/benchmarks/acasxu/vnnlib/prop_1.vnnlib,6.059382095,unsat,19.096630822
acasxu,/usr/src/app/vnncomp2023/benchmarks/acasxu/onnx/ACASXU_run2a_4_5_batch_2000.onnx,/usr/src/app/vnncomp2023/benchmarks/acasxu/vnnlib/prop_1.vnnlib,5.875855411,unsat,20.097008654
acasxu,/usr/src/app/vnncomp2023/benchmarks/acasxu/onnx/ACASXU_run2a_4_6_batch_2000.onnx,/usr/src/app/vnncomp2023/benchmarks/acasxu/vnnlib/prop_1.vnnlib,5.765248544,unsat,75.650622613
acasxu,/usr/src/app/vnncomp2023/benchmarks/acasxu/onnx/ACASXU_run2a_4_7_batch_2000.onnx,/usr/src/app/vnncomp2023/benchmarks/acasxu/vnnlib/prop_1.vnnlib,5.885695546,unsat,79.841295011
acasxu,/usr/src/app/vnncomp2023/benchmarks/acasxu/onnx/ACASXU_run2a_4_8_batch_2000.onnx,/usr/src/app/vnncomp2023/benchmarks/acasxu/vnnlib/prop_1.vnnlib,6.264108482,unsat,89.637121443
acasxu,/usr/src/app/vnncomp2023/benchmarks/acasxu/onnx/ACASXU_run2a_4_9_batch_2000.onnx,/usr/src/app/vnncomp2023/benchmarks/acasxu/vnnlib/prop_1.vnnlib,5.905676939,run_instance_timeout,176.001787844
acasxu,/usr/src/app/vnncomp2023/benchmarks/acasxu/onnx/ACASXU_run2a_5_1_batch_2000.onnx,/usr/src/app/vnncomp2023/benchmarks/acasxu/vnnlib/prop_1.vnnlib,5.574816578,unsat,18.095099532
acasxu,/usr/src/app/vnncomp2023/benchmarks/acasxu/onnx/ACASXU_run2a_5_2_batch_2000.onnx,/usr/src/app/vnncomp2023/benchmarks/acasxu/vnnlib/prop_1.vnnlib,5.716576502,unsat,18.090134560
acasxu,/usr/src/app/vnncomp2023/benchmarks/acasxu/onnx/ACASXU_run2a_5_3_batch_2000.onnx,/usr/src/app/vnncomp2023/benchmarks/acasxu/vnnlib/prop_1.vnnlib,5.970112704,unsat,19.096343607
acasxu,/usr/src/app/vnncomp2023/benchmarks/acasxu/onnx/ACASXU_run2a_5_4_batch_2000.onnx,/usr/src/app/vnncomp2023/benchmarks/acasxu/vnnlib/prop_1.vnnlib,5.827805906,unsat,18.084889375
acasxu,/usr/src/app/vnncomp2023/benchmarks/acasxu/onnx/ACASXU_run2a_5_5_batch_2000.onnx,/usr/src/app/vnncomp2023/benchmarks/acasxu/vnnlib/prop_1.vnnlib,5.883785732,unsat,21.118217509
acasxu,/usr/src/app/vnncomp2023/benchmarks/acasxu/onnx/ACASXU_run2a_5_6_batch_2000.onnx,/usr/src/app/vnncomp2023/benchmarks/acasxu/vnnlib/prop_1.vnnlib,5.726324580,unsat,37.312795314
acasxu,/usr/src/app/vnncomp2023/benchmarks/acasxu/onnx/ACASXU_run2a_5_7_batch_2000.onnx,/usr/src/app/vnncomp2023/benchmarks/acasxu/vnnlib/prop_1.vnnlib,5.797399392,unsat,28.232978225
acasxu,/usr/src/app/vnncomp2023/benchmarks/acasxu/onnx/ACASXU_run2a_5_8_batch_2000.onnx,/usr/src/app/vnncomp2023/benchmarks/acasxu/vnnlib/prop_1.vnnlib,5.778463633,unsat,68.925583871
acasxu,/usr/src/app/vnncomp2023/benchmarks/acasxu/onnx/ACASXU_run2a_5_9_batch_2000.onnx,/usr/src/app/vnncomp2023/benchmarks/acasxu/vnnlib/prop_1.vnnlib,5.802476952,unsat,42.557234460
acasxu,/usr/src/app/vnncomp2023/benchmarks/acasxu/onnx/ACASXU_run2a_1_1_batch_2000.onnx,/usr/src/app/vnncomp2023/benchmarks/acasxu/vnnlib/prop_2.vnnlib,3.645040161,unsat,28.171547008
acasxu,/usr/src/app/vnncomp2023/benchmarks/acasxu/onnx/ACASXU_run2a_1_2_batch_2000.onnx,/usr/src/app/vnncomp2023/benchmarks/acasxu/vnnlib/prop_2.vnnlib,3.734192841,sat,1.042990078
acasxu,/usr/src/app/vnncomp2023/benchmarks/acasxu/onnx/ACASXU_run2a_1_3_batch_2000.onnx,/usr/src/app/vnncomp2023/benchmarks/acasxu/vnnlib/prop_2.vnnlib,3.575768470,sat,75.435292732
acasxu,/usr/src/app/vnncomp2023/benchmarks/acasxu/onnx/ACASXU_run2a_1_4_batch_2000.onnx,/usr/src/app/vnncomp2023/benchmarks/acasxu/vnnlib/prop_2.vnnlib,3.605706830,sat,1.038943485
acasxu,/usr/src/app/vnncomp2023/benchmarks/acasxu/onnx/ACASXU_run2a_1_5_batch_2000.onnx,/usr/src/app/vnncomp2023/benchmarks/acasxu/vnnlib/prop_2.vnnlib,3.457343293,run_instance_timeout,176.002515899
acasxu,/usr/src/app/vnncomp2023/benchmarks/acasxu/onnx/ACASXU_run2a_1_6_batch_2000.onnx,/usr/src/app/vnncomp2023/benchmarks/acasxu/vnnlib/prop_2.vnnlib,3.812214274,sat,1.039088046
acasxu,/usr/src/app/vnncomp2023/benchmarks/acasxu/onnx/ACASXU_run2a_1_7_batch_2000.onnx,/usr/src/app/vnncomp2023/benchmarks/acasxu/vnnlib/prop_2.vnnlib,3.803016697,unsat,31.207304736
acasxu,/usr/src/app/vnncomp2023/benchmarks/acasxu/onnx/ACASXU_run2a_1_8_batch_2000.onnx,/usr/src/app/vnncomp2023/benchmarks/acasxu/vnnlib/prop_2.vnnlib,3.694761081,unsat,42.714004349
acasxu,/usr/src/app/vnncomp2023/benchmarks/acasxu/onnx/ACASXU_run2a_1_9_batch_2000.onnx,/usr/src/app/vnncomp2023/benchmarks/acasxu/vnnlib/prop_2.vnnlib,3.566821839,unsat,35.196207518
acasxu,/usr/src/app/vnncomp2023/benchmarks/acasxu/onnx/ACASXU_run2a_2_1_batch_2000.onnx,/usr/src/app/vnncomp2023/benchmarks/acasxu/vnnlib/prop_2.vnnlib,3.534572970,sat,1.032387651
acasxu,/usr/src/app/vnncomp2023/benchmarks/acasxu/onnx/ACASXU_run2a_2_2_batch_2000.onnx,/usr/src/app/vnncomp2023/benchmarks/acasxu/vnnlib/prop_2.vnnlib,3.505349091,sat,1.036999091
acasxu,/usr/src/app/vnncomp2023/benchmarks/acasxu/onnx/ACASXU_run2a_2_3_batch_2000.onnx,/usr/src/app/vnncomp2023/benchmarks/acasxu/vnnlib/prop_2.vnnlib,3.523520984,sat,1.036554599
acasxu,/usr/src/app/vnncomp2023/benchmarks/acasxu/onnx/ACASXU_run2a_2_4_batch_2000.onnx,/usr/src/app/vnncomp2023/benchmarks/acasxu/vnnlib/prop_2.vnnlib,3.593507822,sat,1.042095952
acasxu,/usr/src/app/vnncomp2023/benchmarks/acasxu/onnx/ACASXU_run2a_2_5_batch_2000.onnx,/usr/src/app/vnncomp2023/benchmarks/acasxu/vnnlib/prop_2.vnnlib,3.537270757,sat,1.038940539
acasxu,/usr/src/app/vnncomp2023/benchmarks/acasxu/onnx/ACASXU_run2a_2_6_batch_2000.onnx,/usr/src/app/vnncomp2023/benchmarks/acasxu/vnnlib/prop_2.vnnlib,3.473696395,sat,1.033752296
acasxu,/usr/src/app/vnncomp2023/benchmarks/acasxu/onnx/ACASXU_run2a_2_7_batch_2000.onnx,/usr/src/app/vnncomp2023/benchmarks/acasxu/vnnlib/prop_2.vnnlib,3.471586280,sat,1.033418741
acasxu,/usr/src/app/vnncomp2023/benchmarks/acasxu/onnx/ACASXU_run2a_2_8_batch_2000.onnx,/usr/src/app/vnncomp2023/benchmarks/acasxu/vnnlib/prop_2.vnnlib,3.445377633,sat,1.032641086
acasxu,/usr/src/app/vnncomp2023/benchmarks/acasxu/onnx/ACASXU_run2a_2_9_batch_2000.onnx,/usr/src/app/vnncomp2023/benchmarks/acasxu/vnnlib/prop_2.vnnlib,3.580344982,sat,1.033735016
acasxu,/usr/src/app/vnncomp2023/benchmarks/acasxu/onnx/ACASXU_run2a_3_1_batch_2000.onnx,/usr/src/app/vnncomp2023/benchmarks/acasxu/vnnlib/prop_2.vnnlib,3.462799266,sat,1.031759236
acasxu,/usr/src/app/vnncomp2023/benchmarks/acasxu/onnx/ACASXU_run2a_3_2_batch_2000.onnx,/usr/src/app/vnncomp2023/benchmarks/acasxu/vnnlib/prop_2.vnnlib,3.468682129,sat,1.036456155
acasxu,/usr/src/app/vnncomp2023/benchmarks/acasxu/onnx/ACASXU_run2a_3_3_batch_2000.onnx,/usr/src/app/vnncomp2023/benchmarks/acasxu/vnnlib/prop_2.vnnlib,3.489382274,run_instance_timeout,176.002530235
acasxu,/usr/src/app/vnncomp2023/benchmarks/acasxu/onnx/ACASXU_run2a_3_4_batch_2000.onnx,/usr/src/app/vnncomp2023/benchmarks/acasxu/vnnlib/prop_2.vnnlib,3.592093962,sat,1.039661220
acasxu,/usr/src/app/vnncomp2023/benchmarks/acasxu/onnx/ACASXU_run2a_3_5_batch_2000.onnx,/usr/src/app/vnncomp2023/benchmarks/acasxu/vnnlib/prop_2.vnnlib,3.602131019,sat,1.035259212
acasxu,/usr/src/app/vnncomp2023/benchmarks/acasxu/onnx/ACASXU_run2a_3_6_batch_2000.onnx,/usr/src/app/vnncomp2023/benchmarks/acasxu/vnnlib/prop_2.vnnlib,3.533607563,sat,1.035904550
acasxu,/usr/src/app/vnncomp2023/benchmarks/acasxu/onnx/ACASXU_run2a_3_7_batch_2000.onnx,/usr/src/app/vnncomp2023/benchmarks/acasxu/vnnlib/prop_2.vnnlib,3.564438904,sat,1.034542918
acasxu,/usr/src/app/vnncomp2023/benchmarks/acasxu/onnx/ACASXU_run2a_3_8_batch_2000.onnx,/usr/src/app/vnncomp2023/benchmarks/acasxu/vnnlib/prop_2.vnnlib,3.535682872,sat,1.037105750
acasxu,/usr/src/app/vnncomp2023/benchmarks/acasxu/onnx/ACASXU_run2a_3_9_batch_2000.onnx,/usr/src/app/vnncomp2023/benchmarks/acasxu/vnnlib/prop_2.vnnlib,3.511103446,sat,1.033660056
acasxu,/usr/src/app/vnncomp2023/benchmarks/acasxu/onnx/ACASXU_run2a_4_1_batch_2000.onnx,/usr/src/app/vnncomp2023/benchmarks/acasxu/vnnlib/prop_2.vnnlib,3.541682825,sat,1.033198651
acasxu,/usr/src/app/vnncomp2023/benchmarks/acasxu/onnx/ACASXU_run2a_4_2_batch_2000.onnx,/usr/src/app/vnncomp2023/benchmarks/acasxu/vnnlib/prop_2.vnnlib,3.663526550,run_instance_timeout,176.003814952
acasxu,/usr/src/app/vnncomp2023/benchmarks/acasxu/onnx/ACASXU_run2a_4_3_batch_2000.onnx,/usr/src/app/vnncomp2023/benchmarks/acasxu/vnnlib/prop_2.vnnlib,3.661343707,sat,1.032951728
acasxu,/usr/src/app/vnncomp2023/benchmarks/acasxu/onnx/ACASXU_run2a_4_4_batch_2000.onnx,/usr/src/app/vnncomp2023/benchmarks/acasxu/vnnlib/prop_2.vnnlib,3.515081720,sat,1.032911723
acasxu,/usr/src/app/vnncomp2023/benchmarks/acasxu/onnx/ACASXU_run2a_4_5_batch_2000.onnx,/usr/src/app/vnncomp2023/benchmarks/acasxu/vnnlib/prop_2.vnnlib,3.555191325,sat,1.035155387
acasxu,/usr/src/app/vnncomp2023/benchmarks/acasxu/onnx/ACASXU_run2a_4_6_batch_2000.onnx,/usr/src/app/vnncomp2023/benchmarks/acasxu/vnnlib/prop_2.vnnlib,3.538401136,sat,1.035811286
acasxu,/usr/src/app/vnncomp2023/benchmarks/acasxu/onnx/ACASXU_run2a_4_7_batch_2000.onnx,/usr/src/app/vnncomp2023/benchmarks/acasxu/vnnlib/prop_2.vnnlib,3.501303233,sat,1.032652004
acasxu,/usr/src/app/vnncomp2023/benchmarks/acasxu/onnx/ACASXU_run2a_4_8_batch_2000.onnx,/usr/src/app/vnncomp2023/benchmarks/acasxu/vnnlib/prop_2.vnnlib,3.541298454,sat,1.038406657
acasxu,/usr/src/app/vnncomp2023/benchmarks/acasxu/onnx/ACASXU_run2a_4_9_batch_2000.onnx,/usr/src/app/vnncomp2023/benchmarks/acasxu/vnnlib/prop_2.vnnlib,3.464560717,sat,1.034331090
acasxu,/usr/src/app/vnncomp2023/benchmarks/acasxu/onnx/ACASXU_run2a_5_1_batch_2000.onnx,/usr/src/app/vnncomp2023/benchmarks/acasxu/vnnlib/prop_2.vnnlib,3.534884226,sat,1.035027105
acasxu,/usr/src/app/vnncomp2023/benchmarks/acasxu/onnx/ACASXU_run2a_5_2_batch_2000.onnx,/usr/src/app/vnncomp2023/benchmarks/acasxu/vnnlib/prop_2.vnnlib,3.452716150,sat,1.035631098
acasxu,/usr/src/app/vnncomp2023/benchmarks/acasxu/onnx/ACASXU_run2a_5_3_batch_2000.onnx,/usr/src/app/vnncomp2023/benchmarks/acasxu/vnnlib/prop_2.vnnlib,3.467685622,sat,37.382041395
acasxu,/usr/src/app/vnncomp2023/benchmarks/acasxu/onnx/ACASXU_run2a_5_4_batch_2000.onnx,/usr/src/app/vnncomp2023/benchmarks/acasxu/vnnlib/prop_2.vnnlib,3.611659323,sat,1.042418957
acasxu,/usr/src/app/vnncomp2023/benchmarks/acasxu/onnx/ACASXU_run2a_5_5_batch_2000.onnx,/usr/src/app/vnncomp2023/benchmarks/acasxu/vnnlib/prop_2.vnnlib,3.572839745,sat,1.033409453
acasxu,/usr/src/app/vnncomp2023/benchmarks/acasxu/onnx/ACASXU_run2a_5_6_batch_2000.onnx,/usr/src/app/vnncomp2023/benchmarks/acasxu/vnnlib/prop_2.vnnlib,3.611852365,sat,1.035947421
acasxu,/usr/src/app/vnncomp2023/benchmarks/acasxu/onnx/ACASXU_run2a_5_7_batch_2000.onnx,/usr/src/app/vnncomp2023/benchmarks/acasxu/vnnlib/prop_2.vnnlib,3.530856729,sat,1.033440163
acasxu,/usr/src/app/vnncomp2023/benchmarks/acasxu/onnx/ACASXU_run2a_5_8_batch_2000.onnx,/usr/src/app/vnncomp2023/benchmarks/acasxu/vnnlib/prop_2.vnnlib,3.550957483,sat,1.036551563
acasxu,/usr/src/app/vnncomp2023/benchmarks/acasxu/onnx/ACASXU_run2a_5_9_batch_2000.onnx,/usr/src/app/vnncomp2023/benchmarks/acasxu/vnnlib/prop_2.vnnlib,3.524575310,sat,1.036970248
acasxu,/usr/src/app/vnncomp2023/benchmarks/acasxu/onnx/ACASXU_run2a_1_1_batch_2000.onnx,/usr/src/app/vnncomp2023/benchmarks/acasxu/vnnlib/prop_3.vnnlib,3.527413176,sat,2.049453483
acasxu,/usr/src/app/vnncomp2023/benchmarks/acasxu/onnx/ACASXU_run2a_1_2_batch_2000.onnx,/usr/src/app/vnncomp2023/benchmarks/acasxu/vnnlib/prop_3.vnnlib,3.487431250,sat,2.039698885
acasxu,/usr/src/app/vnncomp2023/benchmarks/acasxu/onnx/ACASXU_run2a_1_3_batch_2000.onnx,/usr/src/app/vnncomp2023/benchmarks/acasxu/vnnlib/prop_3.vnnlib,3.550951292,sat,2.042530220
acasxu,/usr/src/app/vnncomp2023/benchmarks/acasxu/onnx/ACASXU_run2a_1_4_batch_2000.onnx,/usr/src/app/vnncomp2023/benchmarks/acasxu/vnnlib/prop_3.vnnlib,3.465002827,sat,3.046923407
acasxu,/usr/src/app/vnncomp2023/benchmarks/acasxu/onnx/ACASXU_run2a_1_5_batch_2000.onnx,/usr/src/app/vnncomp2023/benchmarks/acasxu/vnnlib/prop_3.vnnlib,3.468002452,sat,2.038415600
acasxu,/usr/src/app/vnncomp2023/benchmarks/acasxu/onnx/ACASXU_run2a_1_6_batch_2000.onnx,/usr/src/app/vnncomp2023/benchmarks/acasxu/vnnlib/prop_3.vnnlib,3.465025157,unsat,7.039112639
acasxu,/usr/src/app/vnncomp2023/benchmarks/acasxu/onnx/ACASXU_run2a_1_7_batch_2000.onnx,/usr/src/app/vnncomp2023/benchmarks/acasxu/vnnlib/prop_3.vnnlib,3.459754000,sat,1.033544549
acasxu,/usr/src/app/vnncomp2023/benchmarks/acasxu/onnx/ACASXU_run2a_1_8_batch_2000.onnx,/usr/src/app/vnncomp2023/benchmarks/acasxu/vnnlib/prop_3.vnnlib,3.463963107,sat,1.035418189
acasxu,/usr/src/app/vnncomp2023/benchmarks/acasxu/onnx/ACASXU_run2a_1_9_batch_2000.onnx,/usr/src/app/vnncomp2023/benchmarks/acasxu/vnnlib/prop_3.vnnlib,3.460593313,sat,1.034151925
acasxu,/usr/src/app/vnncomp2023/benchmarks/acasxu/onnx/ACASXU_run2a_2_1_batch_2000.onnx,/usr/src/app/vnncomp2023/benchmarks/acasxu/vnnlib/prop_3.vnnlib,3.456801988,sat,2.041859223
acasxu,/usr/src/app/vnncomp2023/benchmarks/acasxu/onnx/ACASXU_run2a_2_2_batch_2000.onnx,/usr/src/app/vnncomp2023/benchmarks/acasxu/vnnlib/prop_3.vnnlib,3.451136303,sat,2.070556945
acasxu,/usr/src/app/vnncomp2023/benchmarks/acasxu/onnx/ACASXU_run2a_2_3_batch_2000.onnx,/usr/src/app/vnncomp2023/benchmarks/acasxu/vnnlib/prop_3.vnnlib,3.475396250,unsat,19.112997815
acasxu,/usr/src/app/vnncomp2023/benchmarks/acasxu/onnx/ACASXU_run2a_2_4_batch_2000.onnx,/usr/src/app/vnncomp2023/benchmarks/acasxu/vnnlib/prop_3.vnnlib,3.547796939,unsat,7.067249631
acasxu,/usr/src/app/vnncomp2023/benchmarks/acasxu/onnx/ACASXU_run2a_2_5_batch_2000.onnx,/usr/src/app/vnncomp2023/benchmarks/acasxu/vnnlib/prop_3.vnnlib,3.570774965,sat,3.046232753
acasxu,/usr/src/app/vnncomp2023/benchmarks/acasxu/onnx/ACASXU_run2a_2_6_batch_2000.onnx,/usr/src/app/vnncomp2023/benchmarks/acasxu/vnnlib/prop_3.vnnlib,3.621053004,unsat,7.102838624
acasxu,/usr/src/app/vnncomp2023/benchmarks/acasxu/onnx/ACASXU_run2a_2_7_batch_2000.onnx,/usr/src/app/vnncomp2023/benchmarks/acasxu/vnnlib/prop_3.vnnlib,3.460504421,unsat,7.037551094
acasxu,/usr/src/app/vnncomp2023/benchmarks/acasxu/onnx/ACASXU_run2a_2_8_batch_2000.onnx,/usr/src/app/vnncomp2023/benchmarks/acasxu/vnnlib/prop_3.vnnlib,3.455061578,unsat,7.036880244
acasxu,/usr/src/app/vnncomp2023/benchmarks/acasxu/onnx/ACASXU_run2a_2_9_batch_2000.onnx,/usr/src/app/vnncomp2023/benchmarks/acasxu/vnnlib/prop_3.vnnlib,3.464057817,unsat,7.040349604
acasxu,/usr/src/app/vnncomp2023/benchmarks/acasxu/onnx/ACASXU_run2a_3_1_batch_2000.onnx,/usr/src/app/vnncomp2023/benchmarks/acasxu/vnnlib/prop_3.vnnlib,3.463569790,sat,2.040033332
acasxu,/usr/src/app/vnncomp2023/benchmarks/acasxu/onnx/ACASXU_run2a_3_2_batch_2000.onnx,/usr/src/app/vnncomp2023/benchmarks/acasxu/vnnlib/prop_3.vnnlib,3.470290701,sat,2.038439053
acasxu,/usr/src/app/vnncomp2023/benchmarks/acasxu/onnx/ACASXU_run2a_3_3_batch_2000.onnx,/usr/src/app/vnncomp2023/benchmarks/acasxu/vnnlib/prop_3.vnnlib,3.467053177,sat,2.041422045
acasxu,/usr/src/app/vnncomp2023/benchmarks/acasxu/onnx/ACASXU_run2a_3_4_batch_2000.onnx,/usr/src/app/vnncomp2023/benchmarks/acasxu/vnnlib/prop_3.vnnlib,3.474952008,sat,2.060941892
acasxu,/usr/src/app/vnncomp2023/benchmarks/acasxu/onnx/ACASXU_run2a_3_5_batch_2000.onnx,/usr/src/app/vnncomp2023/benchmarks/acasxu/vnnlib/prop_3.vnnlib,3.526839692,sat,2.039623541
acasxu,/usr/src/app/vnncomp2023/benchmarks/acasxu/onnx/ACASXU_run2a_3_6_batch_2000.onnx,/usr/src/app/vnncomp2023/benchmarks/acasxu/vnnlib/prop_3.vnnlib,3.467127636,sat,2.043173998
acasxu,/usr/src/app/vnncomp2023/benchmarks/acasxu/onnx/ACASXU_run2a_3_7_batch_2000.onnx,/usr/src/app/vnncomp2023/benchmarks/acasxu/vnnlib/prop_3.vnnlib,3.466240744,unsat,7.037310192
acasxu,/usr/src/app/vnncomp2023/benchmarks/acasxu/onnx/ACASXU_run2a_3_8_batch_2000.onnx,/usr/src/app/vnncomp2023/benchmarks/acasxu/vnnlib/prop_3.vnnlib,3.461070226,sat,2.039021937
acasxu,/usr/src/app/vnncomp2023/benchmarks/acasxu/onnx/ACASXU_run2a_3_9_batch_2000.onnx,/usr/src/app/vnncomp2023/benchmarks/acasxu/vnnlib/prop_3.vnnlib,3.463634090,sat,2.061369162
acasxu,/usr/src/app/vnncomp2023/benchmarks/acasxu/onnx/ACASXU_run2a_4_1_batch_2000.onnx,/usr/src/app/vnncomp2023/benchmarks/acasxu/vnnlib/prop_3.vnnlib,3.454320962,sat,2.040276835
acasxu,/usr/src/app/vnncomp2023/benchmarks/acasxu/onnx/ACASXU_run2a_4_2_batch_2000.onnx,/usr/src/app/vnncomp2023/benchmarks/acasxu/vnnlib/prop_3.vnnlib,3.475811871,unsat,25.682146980
acasxu,/usr/src/app/vnncomp2023/benchmarks/acasxu/onnx/ACASXU_run2a_4_3_batch_2000.onnx,/usr/src/app/vnncomp2023/benchmarks/acasxu/vnnlib/prop_3.vnnlib,3.669285016,unsat,19.149756632
acasxu,/usr/src/app/vnncomp2023/benchmarks/acasxu/onnx/ACASXU_run2a_4_4_batch_2000.onnx,/usr/src/app/vnncomp2023/benchmarks/acasxu/vnnlib/prop_3.vnnlib,3.676393088,sat,3.053309443
acasxu,/usr/src/app/vnncomp2023/benchmarks/acasxu/onnx/ACASXU_run2a_4_5_batch_2000.onnx,/usr/src/app/vnncomp2023/benchmarks/acasxu/vnnlib/prop_3.vnnlib,3.583033944,unsat,7.088557325
acasxu,/usr/src/app/vnncomp2023/benchmarks/acasxu/onnx/ACASXU_run2a_4_6_batch_2000.onnx,/usr/src/app/vnncomp2023/benchmarks/acasxu/vnnlib/prop_3.vnnlib,3.576776121,sat,2.044256856
acasxu,/usr/src/app/vnncomp2023/benchmarks/acasxu/onnx/ACASXU_run2a_4_7_batch_2000.onnx,/usr/src/app/vnncomp2023/benchmarks/acasxu/vnnlib/prop_3.vnnlib,3.529891029,sat,3.062042195
acasxu,/usr/src/app/vnncomp2023/benchmarks/acasxu/onnx/ACASXU_run2a_4_8_batch_2000.onnx,/usr/src/app/vnncomp2023/benchmarks/acasxu/vnnlib/prop_3.vnnlib,3.624890996,unsat,7.041066802
acasxu,/usr/src/app/vnncomp2023/benchmarks/acasxu/onnx/ACASXU_run2a_4_9_batch_2000.onnx,/usr/src/app/vnncomp2023/benchmarks/acasxu/vnnlib/prop_3.vnnlib,3.476135555,sat,3.075169213
acasxu,/usr/src/app/vnncomp2023/benchmarks/acasxu/onnx/ACASXU_run2a_5_1_batch_2000.onnx,/usr/src/app/vnncomp2023/benchmarks/acasxu/vnnlib/prop_3.vnnlib,3.482102375,unsat,26.455237883
acasxu,/usr/src/app/vnncomp2023/benchmarks/acasxu/onnx/ACASXU_run2a_5_2_batch_2000.onnx,/usr/src/app/vnncomp2023/benchmarks/acasxu/vnnlib/prop_3.vnnlib,3.527894328,unsat,19.112830568
acasxu,/usr/src/app/vnncomp2023/benchmarks/acasxu/onnx/ACASXU_run2a_5_3_batch_2000.onnx,/usr/src/app/vnncomp2023/benchmarks/acasxu/vnnlib/prop_3.vnnlib,3.537396944,unsat,19.100002827
acasxu,/usr/src/app/vnncomp2023/benchmarks/acasxu/onnx/ACASXU_run2a_5_4_batch_2000.onnx,/usr/src/app/vnncomp2023/benchmarks/acasxu/vnnlib/prop_3.vnnlib,3.746375015,sat,3.070789069
acasxu,/usr/src/app/vnncomp2023/benchmarks/acasxu/onnx/ACASXU_run2a_5_5_batch_2000.onnx,/usr/src/app/vnncomp2023/benchmarks/acasxu/vnnlib/prop_3.vnnlib,3.604618441,sat,3.047796192
acasxu,/usr/src/app/vnncomp2023/benchmarks/acasxu/onnx/ACASXU_run2a_5_6_batch_2000.onnx,/usr/src/app/vnncomp2023/benchmarks/acasxu/vnnlib/prop_3.vnnlib,3.615538993,sat,3.047988345
acasxu,/usr/src/app/vnncomp2023/benchmarks/acasxu/onnx/ACASXU_run2a_5_7_batch_2000.onnx,/usr/src/app/vnncomp2023/benchmarks/acasxu/vnnlib/prop_3.vnnlib,3.486156691,unsat,7.040139784
acasxu,/usr/src/app/vnncomp2023/benchmarks/acasxu/onnx/ACASXU_run2a_5_8_batch_2000.onnx,/usr/src/app/vnncomp2023/benchmarks/acasxu/vnnlib/prop_3.vnnlib,3.631404321,unsat,19.093873845
acasxu,/usr/src/app/vnncomp2023/benchmarks/acasxu/onnx/ACASXU_run2a_5_9_batch_2000.onnx,/usr/src/app/vnncomp2023/benchmarks/acasxu/vnnlib/prop_3.vnnlib,3.644199355,unsat,8.050472508
acasxu,/usr/src/app/vnncomp2023/benchmarks/acasxu/onnx/ACASXU_run2a_1_1_batch_2000.onnx,/usr/src/app/vnncomp2023/benchmarks/acasxu/vnnlib/prop_4.vnnlib,3.631245172,sat,2.047101696
acasxu,/usr/src/app/vnncomp2023/benchmarks/acasxu/onnx/ACASXU_run2a_1_2_batch_2000.onnx,/usr/src/app/vnncomp2023/benchmarks/acasxu/vnnlib/prop_4.vnnlib,3.648162971,sat,3.049665625
acasxu,/usr/src/app/vnncomp2023/benchmarks/acasxu/onnx/ACASXU_run2a_1_3_batch_2000.onnx,/usr/src/app/vnncomp2023/benchmarks/acasxu/vnnlib/prop_4.vnnlib,3.550076452,sat,2.040335748
acasxu,/usr/src/app/vnncomp2023/benchmarks/acasxu/onnx/ACASXU_run2a_1_4_batch_2000.onnx,/usr/src/app/vnncomp2023/benchmarks/acasxu/vnnlib/prop_4.vnnlib,3.494779239,sat,2.076045200
acasxu,/usr/src/app/vnncomp2023/benchmarks/acasxu/onnx/ACASXU_run2a_1_5_batch_2000.onnx,/usr/src/app/vnncomp2023/benchmarks/acasxu/vnnlib/prop_4.vnnlib,3.528142764,sat,2.068926260
acasxu,/usr/src/app/vnncomp2023/benchmarks/acasxu/onnx/ACASXU_run2a_1_6_batch_2000.onnx,/usr/src/app/vnncomp2023/benchmarks/acasxu/vnnlib/prop_4.vnnlib,3.497148782,sat,2.043696477
acasxu,/usr/src/app/vnncomp2023/benchmarks/acasxu/onnx/ACASXU_run2a_1_7_batch_2000.onnx,/usr/src/app/vnncomp2023/benchmarks/acasxu/vnnlib/prop_4.vnnlib,3.506651956,sat,1.036891861
acasxu,/usr/src/app/vnncomp2023/benchmarks/acasxu/onnx/ACASXU_run2a_1_8_batch_2000.onnx,/usr/src/app/vnncomp2023/benchmarks/acasxu/vnnlib/prop_4.vnnlib,3.487364415,sat,1.035324774
acasxu,/usr/src/app/vnncomp2023/benchmarks/acasxu/onnx/ACASXU_run2a_1_9_batch_2000.onnx,/usr/src/app/vnncomp2023/benchmarks/acasxu/vnnlib/prop_4.vnnlib,3.480227853,sat,1.037127324
acasxu,/usr/src/app/vnncomp2023/benchmarks/acasxu/onnx/ACASXU_run2a_2_1_batch_2000.onnx,/usr/src/app/vnncomp2023/benchmarks/acasxu/vnnlib/prop_4.vnnlib,3.505581517,sat,2.045849913
acasxu,/usr/src/app/vnncomp2023/benchmarks/acasxu/onnx/ACASXU_run2a_2_2_batch_2000.onnx,/usr/src/app/vnncomp2023/benchmarks/acasxu/vnnlib/prop_4.vnnlib,3.491706100,sat,2.041090232
acasxu,/usr/src/app/vnncomp2023/benchmarks/acasxu/onnx/ACASXU_run2a_2_3_batch_2000.onnx,/usr/src/app/vnncomp2023/benchmarks/acasxu/vnnlib/prop_4.vnnlib,3.529732668,unsat,18.090685896
acasxu,/usr/src/app/vnncomp2023/benchmarks/acasxu/onnx/ACASXU_run2a_2_4_batch_2000.onnx,/usr/src/app/vnncomp2023/benchmarks/acasxu/vnnlib/prop_4.vnnlib,3.610399060,sat,3.054338831
acasxu,/usr/src/app/vnncomp2023/benchmarks/acasxu/onnx/ACASXU_run2a_2_5_batch_2000.onnx,/usr/src/app/vnncomp2023/benchmarks/acasxu/vnnlib/prop_4.vnnlib,3.637659943,sat,3.053536728
acasxu,/usr/src/app/vnncomp2023/benchmarks/acasxu/onnx/ACASXU_run2a_2_6_batch_2000.onnx,/usr/src/app/vnncomp2023/benchmarks/acasxu/vnnlib/prop_4.vnnlib,3.562208372,sat,3.086869718
acasxu,/usr/src/app/vnncomp2023/benchmarks/acasxu/onnx/ACASXU_run2a_2_7_batch_2000.onnx,/usr/src/app/vnncomp2023/benchmarks/acasxu/vnnlib/prop_4.vnnlib,3.561209071,sat,2.040490769
acasxu,/usr/src/app/vnncomp2023/benchmarks/acasxu/onnx/ACASXU_run2a_2_8_batch_2000.onnx,/usr/src/app/vnncomp2023/benchmarks/acasxu/vnnlib/prop_4.vnnlib,3.482577335,sat,3.074244377
acasxu,/usr/src/app/vnncomp2023/benchmarks/acasxu/onnx/ACASXU_run2a_2_9_batch_2000.onnx,/usr/src/app/vnncomp2023/benchmarks/acasxu/vnnlib/prop_4.vnnlib,3.549278447,unsat,7.042011464
acasxu,/usr/src/app/vnncomp2023/benchmarks/acasxu/onnx/ACASXU_run2a_3_1_batch_2000.onnx,/usr/src/app/vnncomp2023/benchmarks/acasxu/vnnlib/prop_4.vnnlib,3.490957337,sat,3.050589363
acasxu,/usr/src/app/vnncomp2023/benchmarks/acasxu/onnx/ACASXU_run2a_3_2_batch_2000.onnx,/usr/src/app/vnncomp2023/benchmarks/acasxu/vnnlib/prop_4.vnnlib,3.517631098,sat,3.049847596
acasxu,/usr/src/app/vnncomp2023/benchmarks/acasxu/onnx/ACASXU_run2a_3_3_batch_2000.onnx,/usr/src/app/vnncomp2023/benchmarks/acasxu/vnnlib/prop_4.vnnlib,3.541237410,unsat,7.041516474
acasxu,/usr/src/app/vnncomp2023/benchmarks/acasxu/onnx/ACASXU_run2a_3_4_batch_2000.onnx,/usr/src/app/vnncomp2023/benchmarks/acasxu/vnnlib/prop_4.vnnlib,3.506654888,sat,3.057786754
acasxu,/usr/src/app/vnncomp2023/benchmarks/acasxu/onnx/ACASXU_run2a_3_5_batch_2000.onnx,/usr/src/app/vnncomp2023/benchmarks/acasxu/vnnlib/prop_4.vnnlib,3.489999743,sat,3.050835247
acasxu,/usr/src/app/vnncomp2023/benchmarks/acasxu/onnx/ACASXU_run2a_3_6_batch_2000.onnx,/usr/src/app/vnncomp2023/benchmarks/acasxu/vnnlib/prop_4.vnnlib,3.511166554,sat,3.063240601
acasxu,/usr/src/app/vnncomp2023/benchmarks/acasxu/onnx/ACASXU_run2a_3_7_batch_2000.onnx,/usr/src/app/vnncomp2023/benchmarks/acasxu/vnnlib/prop_4.vnnlib,3.493130249,sat,2.048281940
acasxu,/usr/src/app/vnncomp2023/benchmarks/acasxu/onnx/ACASXU_run2a_3_8_batch_2000.onnx,/usr/src/app/vnncomp2023/benchmarks/acasxu/vnnlib/prop_4.vnnlib,3.493207902,sat,3.048213299
acasxu,/usr/src/app/vnncomp2023/benchmarks/acasxu/onnx/ACASXU_run2a_3_9_batch_2000.onnx,/usr/src/app/vnncomp2023/benchmarks/acasxu/vnnlib/prop_4.vnnlib,3.507193820,sat,3.048481699
acasxu,/usr/src/app/vnncomp2023/benchmarks/acasxu/onnx/ACASXU_run2a_4_1_batch_2000.onnx,/usr/src/app/vnncomp2023/benchmarks/acasxu/vnnlib/prop_4.vnnlib,3.543915287,unsat,7.040869031
acasxu,/usr/src/app/vnncomp2023/benchmarks/acasxu/onnx/ACASXU_run2a_4_2_batch_2000.onnx,/usr/src/app/vnncomp2023/benchmarks/acasxu/vnnlib/prop_4.vnnlib,3.491760743,unsat,18.110434871
acasxu,/usr/src/app/vnncomp2023/benchmarks/acasxu/onnx/ACASXU_run2a_4_3_batch_2000.onnx,/usr/src/app/vnncomp2023/benchmarks/acasxu/vnnlib/prop_4.vnnlib,3.714180462,unsat,20.121531514
acasxu,/usr/src/app/vnncomp2023/benchmarks/acasxu/onnx/ACASXU_run2a_4_4_batch_2000.onnx,/usr/src/app/vnncomp2023/benchmarks/acasxu/vnnlib/prop_4.vnnlib,3.893114934,sat,3.068364562
acasxu,/usr/src/app/vnncomp2023/benchmarks/acasxu/onnx/ACASXU_run2a_4_5_batch_2000.onnx,/usr/src/app/vnncomp2023/benchmarks/acasxu/vnnlib/prop_4.vnnlib,4.026929818,unsat,21.118496021
acasxu,/usr/src/app/vnncomp2023/benchmarks/acasxu/onnx/ACASXU_run2a_4_6_batch_2000.onnx,/usr/src/app/vnncomp2023/benchmarks/acasxu/vnnlib/prop_4.vnnlib,3.821165055,sat,3.059394687
acasxu,/usr/src/app/vnncomp2023/benchmarks/acasxu/onnx/ACASXU_run2a_4_7_batch_2000.onnx,/usr/src/app/vnncomp2023/benchmarks/acasxu/vnnlib/prop_4.vnnlib,4.068684466,sat,3.062878022
acasxu,/usr/src/app/vnncomp2023/benchmarks/acasxu/onnx/ACASXU_run2a_4_8_batch_2000.onnx,/usr/src/app/vnncomp2023/benchmarks/acasxu/vnnlib/prop_4.vnnlib,3.638205536,sat,3.049421528
acasxu,/usr/src/app/vnncomp2023/benchmarks/acasxu/onnx/ACASXU_run2a_4_9_batch_2000.onnx,/usr/src/app/vnncomp2023/benchmarks/acasxu/vnnlib/prop_4.vnnlib,3.602508810,sat,3.050878944
acasxu,/usr/src/app/vnncomp2023/benchmarks/acasxu/onnx/ACASXU_run2a_5_1_batch_2000.onnx,/usr/src/app/vnncomp2023/benchmarks/acasxu/vnnlib/prop_4.vnnlib,3.609834404,unsat,19.101951517
acasxu,/usr/src/app/vnncomp2023/benchmarks/acasxu/onnx/ACASXU_run2a_5_2_batch_2000.onnx,/usr/src/app/vnncomp2023/benchmarks/acasxu/vnnlib/prop_4.vnnlib,3.739026859,unsat,18.097934295
acasxu,/usr/src/app/vnncomp2023/benchmarks/acasxu/onnx/ACASXU_run2a_5_3_batch_2000.onnx,/usr/src/app/vnncomp2023/benchmarks/acasxu/vnnlib/prop_4.vnnlib,3.561968635,unsat,19.135838581
acasxu,/usr/src/app/vnncomp2023/benchmarks/acasxu/onnx/ACASXU_run2a_5_4_batch_2000.onnx,/usr/src/app/vnncomp2023/benchmarks/acasxu/vnnlib/prop_4.vnnlib,3.556171240,sat,3.050454796
acasxu,/usr/src/app/vnncomp2023/benchmarks/acasxu/onnx/ACASXU_run2a_5_5_batch_2000.onnx,/usr/src/app/vnncomp2023/benchmarks/acasxu/vnnlib/prop_4.vnnlib,3.592818961,sat,3.047339829
acasxu,/usr/src/app/vnncomp2023/benchmarks/acasxu/onnx/ACASXU_run2a_5_6_batch_2000.onnx,/usr/src/app/vnncomp2023/benchmarks/acasxu/vnnlib/prop_4.vnnlib,3.560197236,unsat,8.045647397
acasxu,/usr/src/app/vnncomp2023/benchmarks/acasxu/onnx/ACASXU_run2a_5_7_batch_2000.onnx,/usr/src/app/vnncomp2023/benchmarks/acasxu/vnnlib/prop_4.vnnlib,3.568955727,unsat,7.053820920
acasxu,/usr/src/app/vnncomp2023/benchmarks/acasxu/onnx/ACASXU_run2a_5_8_batch_2000.onnx,/usr/src/app/vnncomp2023/benchmarks/acasxu/vnnlib/prop_4.vnnlib,3.484237864,unsat,18.109779039
acasxu,/usr/src/app/vnncomp2023/benchmarks/acasxu/onnx/ACASXU_run2a_5_9_batch_2000.onnx,/usr/src/app/vnncomp2023/benchmarks/acasxu/vnnlib/prop_4.vnnlib,3.581208095,sat,3.050201249
acasxu,/usr/src/app/vnncomp2023/benchmarks/acasxu/onnx/ACASXU_run2a_1_1_batch_2000.onnx,/usr/src/app/vnncomp2023/benchmarks/acasxu/vnnlib/prop_5.vnnlib,3.692131589,sat,3.112621769
acasxu,/usr/src/app/vnncomp2023/benchmarks/acasxu/onnx/ACASXU_run2a_1_1_batch_2000.onnx,/usr/src/app/vnncomp2023/benchmarks/acasxu/vnnlib/prop_6.vnnlib,3.667754440,run_instance_timeout,176.002579149
acasxu,/usr/src/app/vnncomp2023/benchmarks/acasxu/onnx/ACASXU_run2a_1_9_batch_2000.onnx,/usr/src/app/vnncomp2023/benchmarks/acasxu/vnnlib/prop_7.vnnlib,3.471559721,sat,38.306660318
acasxu,/usr/src/app/vnncomp2023/benchmarks/acasxu/onnx/ACASXU_run2a_2_9_batch_2000.onnx,/usr/src/app/vnncomp2023/benchmarks/acasxu/vnnlib/prop_8.vnnlib,3.682420473,sat,1.035359390
acasxu,/usr/src/app/vnncomp2023/benchmarks/acasxu/onnx/ACASXU_run2a_3_3_batch_2000.onnx,/usr/src/app/vnncomp2023/benchmarks/acasxu/vnnlib/prop_9.vnnlib,3.582049091,sat,3.071777127
acasxu,/usr/src/app/vnncomp2023/benchmarks/acasxu/onnx/ACASXU_run2a_4_5_batch_2000.onnx,/usr/src/app/vnncomp2023/benchmarks/acasxu/vnnlib/prop_10.vnnlib,3.547113698,sat,3.088103481
acasxu,/usr/src/app/vnncomp2023/benchmarks/test/test_nano.onnx,/usr/src/app/vnncomp2023/benchmarks/test/test_nano.vnnlib,2.353651776,prepare_instance_error_1,-1
